GP1,GP2,GP3,GP4,GP5,GP6
1.12441638887585e-06,0.0002478588551739398,0.00023973179519272213,1.0010132865414118e-06,1.4161469550552188e-05,1.0000000024612556e-06
