GP1,GP2,GP3,GP4,GP5,GP6
0.000348372014698672,0.004233386163553317,0.0005772318862119938,0.00017850515649469557,0.00018982880111436938,0.0010012855964965945
